{
  "Routes": [
    {
      "UpstreamPathTemplate": "/gateway/books",
      "UpstreamHttpMethod": [ "GET", "POST" ],
      "DownstreamPathTemplate": "/api/Books",
      "DownstreamScheme": "https",
      "DownstreamHostAndPorts": [
        {
          "Host": "localhost",
          "Port": 44363
        }
      ],
      "DangerousAcceptAnyServerCertificateValidator": true
    },
    {
      "UpstreamPathTemplate": "/gateway/books/{id}",
      "UpstreamHttpMethod": [ "GET", "PUT", "DELETE" ],
      "DownstreamPathTemplate": "/api/Books/{id}",
      "DownstreamScheme": "https",
      "DownstreamHostAndPorts": [
        {
          "Host": "localhost",
          "Port": 44363
        }
      ],
      "DangerousAcceptAnyServerCertificateValidator": true
    },
    {
      "UpstreamPathTemplate": "/gateway/notifications",
      "UpstreamHttpMethod": [ "GET" ],
      "DownstreamPathTemplate": "/api/Notification",
      "DownstreamScheme": "https",
      "DownstreamHostAndPorts": [
        {
          "Host": "localhost",
          "Port": 44363
        }
      ],
      "DangerousAcceptAnyServerCertificateValidator": true
    }
  ],
  "GlobalConfiguration": {
    "BaseUrl": "http://localhost:44370"
  }
}